{"cameraMode":{"drawMode":0,"name":"Shaded","section":"Shading Mode"},"sceneLighting":true,"audioPlay":false,"sceneViewState":{"showFog":true,"showMaterialUpdate":true,"showSkybox":true,"showFlares":true,"showImageEffects":true,"showParticleSystems":true},"in2DMode":false,"pivot":{"x":98.98999786376953,"y":4.400000095367432,"z":43.93000030517578},"rotation":{"x":-0.10746926814317703,"y":-0.020571531727910043,"z":0.0022244786377996208,"w":-0.9939942955970764},"size":13.265429496765137,"orthographic":false}