{"cameraMode":{"drawMode":0,"name":"Shaded","section":"Shading Mode"},"sceneLighting":true,"audioPlay":false,"sceneViewState":{"showFog":true,"showMaterialUpdate":true,"showSkybox":true,"showFlares":true,"showImageEffects":true,"showParticleSystems":true},"in2DMode":false,"pivot":{"x":105.0,"y":9.395946502685547,"z":76.02920532226563},"rotation":{"x":-0.011690099723637104,"y":-0.041364364326000217,"z":0.0004827025986742228,"w":-0.9990836381912231},"size":5.196768283843994,"orthographic":false}