{"cameraMode":{"drawMode":0,"name":"Shaded","section":"Shading Mode"},"sceneLighting":true,"audioPlay":false,"sceneViewState":{"showFog":true,"showMaterialUpdate":true,"showSkybox":true,"showFlares":true,"showImageEffects":true,"showParticleSystems":true},"in2DMode":false,"pivot":{"x":99.18690490722656,"y":10.636781692504883,"z":51.099632263183597},"rotation":{"x":-0.1736268401145935,"y":0.38854408264160159,"z":-0.07480515539646149,"w":-0.9018281698226929},"size":12.709792137145996,"orthographic":false}