{"cameraMode":{"drawMode":0,"name":"Shaded","section":"Shading Mode"},"sceneLighting":true,"audioPlay":false,"sceneViewState":{"showFog":true,"showMaterialUpdate":true,"showSkybox":true,"showFlares":true,"showImageEffects":true,"showParticleSystems":true},"in2DMode":false,"pivot":{"x":79.7480239868164,"y":2.0261199474334719,"z":90.93293762207031},"rotation":{"x":-0.020018134266138078,"y":0.2542451024055481,"z":-0.00526493601500988,"w":-0.9669264554977417},"size":58.020774841308597,"orthographic":false}